{
  "GET All Activities" : {
    "transaction" : "GET All Activities",
    "sampleCount" : 110,
    "errorCount" : 0,
    "errorPct" : 0.0,
    "meanResTime" : 96.98181818181813,
    "medianResTime" : 90.0,
    "minResTime" : 88.0,
    "maxResTime" : 444.0,
    "pct1ResTime" : 98.9,
    "pct2ResTime" : 104.89999999999998,
    "pct3ResTime" : 427.61000000000007,
    "throughput" : 10.712894429294897,
    "receivedKBytesPerSec" : 3.678277628311258,
    "sentKBytesPerSec" : 1.946943020792754
  },
  "Total" : {
    "transaction" : "Total",
    "sampleCount" : 110,
    "errorCount" : 0,
    "errorPct" : 0.0,
    "meanResTime" : 96.98181818181813,
    "medianResTime" : 90.0,
    "minResTime" : 88.0,
    "maxResTime" : 444.0,
    "pct1ResTime" : 98.9,
    "pct2ResTime" : 104.89999999999998,
    "pct3ResTime" : 427.61000000000007,
    "throughput" : 10.712894429294897,
    "receivedKBytesPerSec" : 3.678277628311258,
    "sentKBytesPerSec" : 1.946943020792754
  }
}